epoch,time,train/box_loss,train/cls_loss,train/dfl_loss,metrics/precision(B),metrics/recall(B),metrics/mAP50(B),metrics/mAP50-95(B),val/box_loss,val/cls_loss,val/dfl_loss,lr/pg0,lr/pg1,lr/pg2
1,13.2559,1.03471,3.0898,1.41167,0.00339,1,0.1888,0.11219,0.48956,3.08505,1.03413,6.668e-05,6.668e-05,6.668e-05
2,25.3759,0.96561,3.03752,1.37135,0.00331,1,0.52224,0.46869,0.37176,3.04512,0.92907,0.000149733,0.000149733,0.000149733
3,36.8784,0.74492,2.21034,1.17778,0.00338,1,0.8537,0.76035,0.43722,2.86663,0.94532,0.000232456,0.000232456,0.000232456
4,48.5836,0.76023,1.67731,1.21811,0.0033,1,0.91871,0.70527,0.5233,2.83213,1.03567,0.000314849,0.000314849,0.000314849
5,60.8288,0.67649,1.29685,1.14125,0.0033,1,0.97967,0.77122,0.56551,2.75454,1.02333,0.000396911,0.000396911,0.000396911
6,73.3181,0.66034,1.11671,1.11862,0.96848,0.85138,0.98682,0.78171,0.6088,2.42686,1.10187,0.000478644,0.000478644,0.000478644
7,86.0906,0.63169,1.02181,1.09032,1,0.94718,0.99324,0.88474,0.50128,2.55765,1.11685,0.000560047,0.000560047,0.000560047
8,99.1596,0.64527,0.96923,1.09471,0.9817,0.77393,0.99026,0.86234,0.51683,2.19372,1.01004,0.000641119,0.000641119,0.000641119
9,112.361,0.67749,0.99409,1.10502,0.99885,0.79714,0.995,0.86063,0.51776,2.17486,1.04396,0.000721862,0.000721862,0.000721862
10,127.182,0.60387,0.88112,1.03521,0.94246,0.57787,0.98473,0.71099,0.76926,2.41276,1.32965,0.000802274,0.000802274,0.000802274
11,136.785,0.68692,0.93138,1.10644,0.79531,0.86668,0.995,0.84501,0.55504,1.80573,1.06911,0.000882356,0.000882356,0.000882356
12,146.634,0.67151,0.8769,1.07022,0.84375,0.81207,0.92427,0.75175,0.59635,1.83062,1.12378,0.000962109,0.000962109,0.000962109
13,156.598,0.63906,0.83787,1.07778,0.93171,0.9375,0.97593,0.85244,0.55351,1.43113,1.08972,0.00104153,0.00104153,0.00104153
14,166.467,0.67888,0.84244,1.09267,0.94118,0.98635,0.98562,0.82915,0.64886,1.36905,1.10559,0.00112062,0.00112062,0.00112062
15,176.563,0.6622,0.85397,1.09395,0.78125,0.72329,0.94473,0.66352,0.71955,1.73083,1.14066,0.00119939,0.00119939,0.00119939
16,186.926,0.64393,0.8132,1.0686,0.87836,0.90693,0.9373,0.819,0.58112,1.31336,1.06372,0.00127782,0.00127782,0.00127782
17,197.985,0.64804,0.78192,1.07074,0.63516,0.90154,0.917,0.74569,0.67863,1.72856,1.10098,0.00135592,0.00135592,0.00135592
18,210.124,0.66424,0.79436,1.08301,0.85293,0.90804,0.90698,0.65687,0.81184,1.71848,1.23954,0.00143369,0.00143369,0.00143369
19,222.287,0.64096,0.74159,1.07506,0.78994,0.6875,0.81771,0.62209,0.7342,1.92636,1.1403,0.00151113,0.00151113,0.00151113
20,234.668,0.66251,0.73108,1.08167,0.62453,0.58333,0.57249,0.37675,0.85226,1.97674,1.36572,0.00158824,0.00158824,0.00158824
21,247.718,0.61583,0.74224,1.06206,0.54191,0.89104,0.78755,0.4946,0.97568,1.82173,1.41759,0.00160099,0.00160099,0.00160099
22,261.856,0.65063,0.70144,1.06469,0.60713,0.85172,0.68994,0.46721,0.9389,2.01154,1.41577,0.00159769,0.00159769,0.00159769
23,274.491,0.65215,0.70208,1.06905,0.69613,0.88114,0.76483,0.49251,0.91834,2.80739,1.31331,0.00159439,0.00159439,0.00159439
24,288.589,0.61455,0.64868,1.03196,0.79022,0.93157,0.91282,0.65088,0.89788,2.13249,1.33119,0.00159108,0.00159108,0.00159108
25,302.635,0.57413,0.60455,1.03411,0.81475,0.95705,0.91676,0.62229,1.18009,1.72854,1.55227,0.00158778,0.00158778,0.00158778
26,317.697,0.63034,0.59566,1.06266,0.8315,0.95292,0.93682,0.40548,1.72541,1.62245,2.07311,0.00158448,0.00158448,0.00158448
27,329.868,0.61119,0.65161,1.03546,0.49628,0.68185,0.75712,0.4834,1.74633,1.78157,2.0674,0.00158118,0.00158118,0.00158118
28,340.464,0.60047,0.57946,1.02541,0.5,0.33596,0.46112,0.38013,1.37668,2.53116,1.60243,0.00157788,0.00157788,0.00157788
29,351.981,0.59535,0.54564,1.04867,0.65905,0.85417,0.66162,0.5181,0.76737,1.47629,1.2355,0.00157458,0.00157458,0.00157458
30,364.23,0.60163,0.5614,1.05501,0.57308,0.875,0.74931,0.63143,0.60768,1.19691,1.0967,0.00157128,0.00157128,0.00157128
31,376.905,0.58327,0.54843,1.04828,0.9089,0.83333,0.96214,0.87835,0.5243,0.84058,0.99703,0.00156798,0.00156798,0.00156798
32,389.826,0.5931,0.54695,1.03315,0.9668,0.86874,0.95618,0.65315,0.92465,1.05338,1.47874,0.00156468,0.00156468,0.00156468
33,399.543,0.60092,0.54665,1.0498,0.89416,0.73473,0.89395,0.69086,0.86718,1.23712,1.37972,0.00156138,0.00156138,0.00156138
34,408.654,0.58372,0.52412,1.05212,0.95242,0.99751,0.9934,0.84993,0.55422,0.62427,1.04157,0.00155808,0.00155808,0.00155808
35,417.277,0.57737,0.48546,1.02472,0.97545,0.99702,0.995,0.86678,0.51153,0.58584,0.9748,0.00155478,0.00155478,0.00155478
36,425.992,0.55604,0.47843,1.01351,0.98341,0.99631,0.995,0.90638,0.4854,0.55463,0.98639,0.00155148,0.00155148,0.00155148
37,479.245,0.56694,0.50561,1.01659,0.99474,1,0.995,0.91243,0.4345,0.51938,0.93777,0.00154818,0.00154818,0.00154818
38,556.413,0.58772,0.52784,1.0419,0.9509,1,0.99192,0.90975,0.45617,0.54745,0.939,0.00154488,0.00154488,0.00154488
39,598.427,0.61872,0.49143,1.03678,0.99175,0.99483,0.995,0.91468,0.42319,0.47253,0.91547,0.00154157,0.00154157,0.00154157
40,650.651,0.58199,0.46303,1.03769,0.98815,0.97217,0.995,0.89962,0.46797,0.50706,0.95455,0.00153827,0.00153827,0.00153827
41,711.725,0.58606,0.47795,1.03615,0.99163,1,0.995,0.90352,0.48699,0.57364,0.97831,0.00153497,0.00153497,0.00153497
42,778.146,0.52588,0.44797,1.00502,0.7996,1,0.97203,0.78349,0.57925,0.96939,1.03808,0.00153167,0.00153167,0.00153167
43,822.903,0.52311,0.43757,1.0011,0.85743,0.9565,0.98457,0.90032,0.42909,0.70135,0.92226,0.00152837,0.00152837,0.00152837
44,862.692,0.55891,0.43724,1.01408,0.91129,0.9614,0.995,0.91249,0.39839,0.60674,0.90506,0.00152507,0.00152507,0.00152507
45,908.122,0.58169,0.46862,1.04229,0.99014,1,0.995,0.91815,0.40658,0.4149,0.89915,0.00152177,0.00152177,0.00152177
46,942.77,0.53233,0.43094,1.02499,0.98333,1,0.995,0.91887,0.44886,0.51496,0.91876,0.00151847,0.00151847,0.00151847
47,952.512,0.56941,0.45575,1.04407,0.98576,1,0.995,0.90484,0.42723,0.48103,0.92291,0.00151517,0.00151517,0.00151517
48,962.1,0.51847,0.41378,1.00842,0.92695,0.9296,0.98294,0.73286,0.93911,0.92548,1.57032,0.00151187,0.00151187,0.00151187
49,972.793,0.53857,0.41505,1.01189,0.95685,0.99071,0.991,0.74251,0.93641,1.20966,1.57251,0.00150857,0.00150857,0.00150857
50,981.807,0.57373,0.44011,1.05293,0.91106,1,0.99,0.90713,0.46203,1.05188,0.9519,0.00150527,0.00150527,0.00150527
51,990.83,0.56096,0.41852,1.0207,0.84082,1,0.98117,0.86723,0.55916,1.17955,1.02426,0.00150197,0.00150197,0.00150197
52,1000.16,0.54264,0.41325,1.01078,0.83734,0.89583,0.97016,0.81833,0.60581,1.12762,1.02941,0.00149867,0.00149867,0.00149867
53,1009.76,0.5447,0.41561,1.00784,0.71593,0.9049,0.87501,0.72653,0.67474,1.54247,1.14568,0.00149537,0.00149537,0.00149537
54,1019.64,0.54381,0.40038,1.00555,0.65996,0.9548,0.89323,0.77742,0.48571,1.62583,0.94263,0.00149207,0.00149207,0.00149207
55,1030.53,0.52001,0.37934,0.99194,0.77692,0.89583,0.88846,0.80768,0.43219,1.12634,0.90429,0.00148876,0.00148876,0.00148876
56,1041.63,0.53144,0.40465,1.00219,0.96828,0.95833,0.99192,0.90503,0.43436,0.61635,0.91644,0.00148546,0.00148546,0.00148546
57,1053,0.48051,0.38264,0.97355,0.79149,0.96455,0.93936,0.85784,0.43014,0.75965,0.92469,0.00148216,0.00148216,0.00148216
58,1064.89,0.55925,0.3982,1.02144,0.69685,1,0.82881,0.75787,0.42342,1.16972,0.9078,0.00147886,0.00147886,0.00147886
59,1073.67,0.52201,0.39872,0.99639,0.97228,1,0.995,0.91889,0.39791,0.37495,0.90558,0.00147556,0.00147556,0.00147556
60,1082.11,0.5248,0.38713,1.00962,0.97651,0.95983,0.995,0.91129,0.42563,0.40627,0.91802,0.00147226,0.00147226,0.00147226
61,1090.51,0.5108,0.39232,1.00261,0.9947,1,0.995,0.91279,0.40444,0.31634,0.89556,0.00146896,0.00146896,0.00146896
62,1098.9,0.488,0.37214,0.98355,0.99692,1,0.995,0.92749,0.3907,0.28194,0.87851,0.00146566,0.00146566,0.00146566
63,1107.61,0.49104,0.37516,0.98972,0.9939,1,0.995,0.91592,0.3964,0.28516,0.89666,0.00146236,0.00146236,0.00146236
64,1116.38,0.48713,0.3465,0.98182,0.9838,1,0.995,0.92443,0.39684,0.36316,0.89427,0.00145906,0.00145906,0.00145906
65,1125.69,0.51375,0.35705,1.00527,0.99488,1,0.995,0.9395,0.39708,0.33315,0.89023,0.00145576,0.00145576,0.00145576
66,1135.36,0.51991,0.38071,1.0208,0.99572,1,0.995,0.90615,0.44591,0.39207,0.91347,0.00145246,0.00145246,0.00145246
67,1144.88,0.5303,0.37471,0.99261,0.99482,1,0.995,0.86633,0.46382,0.38992,0.92221,0.00144916,0.00144916,0.00144916
68,1155.88,0.53968,0.36946,1.00732,0.99172,1,0.995,0.92012,0.40158,0.28079,0.89246,0.00144586,0.00144586,0.00144586
69,1166.6,0.50653,0.37197,0.98279,0.98707,1,0.995,0.93004,0.39576,0.29802,0.89187,0.00144256,0.00144256,0.00144256
70,1177.8,0.49809,0.36186,0.97731,0.99564,0.96266,0.995,0.93037,0.38766,0.32933,0.87823,0.00143925,0.00143925,0.00143925
71,1189.24,0.52632,0.3585,0.98035,0.98347,0.96079,0.995,0.90399,0.40833,0.32833,0.87854,0.00143595,0.00143595,0.00143595
72,1197.44,0.5319,0.36607,1.01108,0.98308,0.96476,0.995,0.91102,0.46559,0.35475,0.92848,0.00143265,0.00143265,0.00143265
73,1205.98,0.49122,0.34297,0.9629,0.99241,1,0.995,0.90657,0.50318,0.34142,0.9719,0.00142935,0.00142935,0.00142935
74,1214.59,0.51916,0.36897,1.01493,0.99641,1,0.995,0.93307,0.41492,0.30069,0.90908,0.00142605,0.00142605,0.00142605
75,1223.63,0.5389,0.37649,0.99114,0.99517,1,0.995,0.93465,0.39492,0.27937,0.90195,0.00142275,0.00142275,0.00142275
76,1232.6,0.53926,0.36549,1.0148,0.99633,1,0.995,0.92668,0.3843,0.2685,0.87691,0.00141945,0.00141945,0.00141945
77,1242.92,0.49786,0.35072,0.9777,0.99677,1,0.995,0.91176,0.41297,0.27227,0.91154,0.00141615,0.00141615,0.00141615
78,1253.36,0.49955,0.35436,0.99049,0.99598,1,0.995,0.9164,0.39485,0.25994,0.88711,0.00141285,0.00141285,0.00141285
79,1263.66,0.50048,0.34213,0.97757,0.99629,1,0.995,0.93139,0.37683,0.24116,0.88525,0.00140955,0.00140955,0.00140955
80,1274.83,0.49497,0.32833,0.97668,0.99506,1,0.995,0.9441,0.37451,0.2767,0.87717,0.00140625,0.00140625,0.00140625
81,1286.07,0.46032,0.32428,0.97718,0.8851,0.98051,0.99031,0.81341,0.64509,0.70476,1.1187,0.00140295,0.00140295,0.00140295
82,1297.47,0.50103,0.33163,0.98796,0.99589,1,0.995,0.93739,0.39846,0.26667,0.90208,0.00139965,0.00139965,0.00139965
83,1308.81,0.48406,0.34074,0.96518,0.9963,1,0.995,0.92488,0.38653,0.25239,0.89841,0.00139635,0.00139635,0.00139635
84,1320.82,0.51075,0.33814,0.99819,0.99666,1,0.995,0.92964,0.40115,0.25806,0.89973,0.00139305,0.00139305,0.00139305
85,1328.88,0.51263,0.35483,0.99387,0.99592,1,0.995,0.90561,0.42991,0.28135,0.9094,0.00138974,0.00138974,0.00138974
86,1337.11,0.46805,0.31946,0.96393,0.99222,1,0.995,0.93768,0.38561,0.28704,0.8799,0.00138644,0.00138644,0.00138644
87,1345.61,0.49585,0.35405,0.9908,0.98695,1,0.995,0.94002,0.3699,0.30787,0.87841,0.00138314,0.00138314,0.00138314
88,1354.42,0.49951,0.33015,0.9938,0.98505,1,0.995,0.92273,0.38615,0.34231,0.89128,0.00137984,0.00137984,0.00137984
89,1363.3,0.47044,0.3218,0.9861,0.99281,1,0.995,0.91894,0.38984,0.24752,0.89041,0.00137654,0.00137654,0.00137654
90,1372.25,0.49395,0.32101,0.97476,0.99643,1,0.995,0.91444,0.41297,0.26375,0.90011,0.00137324,0.00137324,0.00137324
91,1381.76,0.48541,0.32874,0.98435,0.99714,1,0.995,0.9091,0.46657,0.26319,0.92385,0.00136994,0.00136994,0.00136994
92,1392.77,0.45448,0.32185,0.96222,0.99717,1,0.995,0.91117,0.402,0.24915,0.89278,0.00136664,0.00136664,0.00136664
93,1403.74,0.48185,0.30384,0.96096,0.99596,1,0.995,0.91473,0.40873,0.24243,0.88648,0.00136334,0.00136334,0.00136334
94,1414.92,0.49706,0.31726,0.95936,0.99646,1,0.995,0.932,0.37971,0.22748,0.89123,0.00136004,0.00136004,0.00136004
95,1426.76,0.48779,0.32484,0.97634,0.99701,1,0.995,0.93666,0.37204,0.24686,0.88089,0.00135674,0.00135674,0.00135674
96,1438.66,0.51761,0.36367,0.99392,0.9952,1,0.995,0.92165,0.4482,0.28505,0.91808,0.00135344,0.00135344,0.00135344
97,1450.53,0.49361,0.33635,0.98529,0.99401,1,0.995,0.92968,0.38208,0.24886,0.87747,0.00135014,0.00135014,0.00135014
98,1458.98,0.50625,0.31596,0.99611,0.99568,1,0.995,0.93641,0.35741,0.2497,0.86728,0.00134684,0.00134684,0.00134684
99,1467.49,0.51394,0.32298,0.98939,0.99585,1,0.995,0.92114,0.42663,0.2716,0.90279,0.00134354,0.00134354,0.00134354
100,1476.71,0.51575,0.33157,0.98866,0.99678,1,0.995,0.90781,0.43163,0.26479,0.91829,0.00134023,0.00134023,0.00134023
101,1485.71,0.48316,0.32294,1.00176,0.9852,1,0.995,0.90338,0.44845,0.28984,0.92777,0.00133693,0.00133693,0.00133693
102,1495.61,0.52697,0.34273,0.98518,0.90209,1,0.995,0.91941,0.40194,0.31912,0.88028,0.00133363,0.00133363,0.00133363
103,1505.82,0.50199,0.32418,0.99208,0.97369,0.99404,0.995,0.91193,0.39711,0.26689,0.88582,0.00133033,0.00133033,0.00133033
104,1516.47,0.49307,0.33059,0.98156,0.98885,1,0.995,0.92015,0.41042,0.2509,0.89312,0.00132703,0.00132703,0.00132703
105,1527.3,0.47904,0.31254,0.97402,0.97974,1,0.995,0.92522,0.36448,0.2637,0.86389,0.00132373,0.00132373,0.00132373
106,1538.47,0.47817,0.30024,0.96611,0.97955,0.95927,0.995,0.94309,0.36587,0.30732,0.86833,0.00132043,0.00132043,0.00132043
107,1549.3,0.46765,0.29907,0.96916,0.99279,0.95994,0.995,0.93333,0.38164,0.30455,0.87609,0.00131713,0.00131713,0.00131713
108,1560.92,0.49164,0.32131,0.98131,0.98548,0.95994,0.995,0.92964,0.38069,0.29861,0.87031,0.00131383,0.00131383,0.00131383
109,1572.77,0.49529,0.33445,0.98389,0.99507,0.96046,0.995,0.92314,0.41209,0.27764,0.89135,0.00131053,0.00131053,0.00131053
110,1581.33,0.48058,0.31924,0.98583,0.98374,0.95418,0.98077,0.92588,0.37849,0.32324,0.86341,0.00130723,0.00130723,0.00130723
111,1590.19,0.50711,0.32387,0.96922,0.9954,0.86565,0.95535,0.83376,0.48748,0.52728,0.92773,0.00130393,0.00130393,0.00130393
112,1599.58,0.46308,0.30567,0.96261,0.92798,0.9882,0.98405,0.84228,0.56297,0.53977,1.00896,0.00130063,0.00130063,0.00130063
113,1608.92,0.50241,0.32348,0.99177,0.9936,1,0.995,0.92004,0.39012,0.22881,0.8777,0.00129733,0.00129733,0.00129733
114,1619.73,0.49776,0.30706,0.97357,0.99412,1,0.995,0.93491,0.41309,0.23139,0.90242,0.00129403,0.00129403,0.00129403
115,1630.38,0.45732,0.29443,0.94227,0.99592,1,0.995,0.93775,0.38033,0.23513,0.8876,0.00129072,0.00129072,0.00129072
116,1641.25,0.48288,0.31798,0.97446,0.99545,1,0.995,0.92444,0.39891,0.25035,0.89832,0.00128742,0.00128742,0.00128742
117,1652.77,0.45836,0.30827,0.95685,0.99503,1,0.995,0.93013,0.38021,0.2415,0.89517,0.00128412,0.00128412,0.00128412
118,1664.5,0.49432,0.32344,0.99844,0.99715,1,0.995,0.92988,0.40466,0.24012,0.90409,0.00128082,0.00128082,0.00128082
119,1676.43,0.44987,0.29189,0.94874,0.99723,1,0.995,0.92819,0.38822,0.22519,0.88876,0.00127752,0.00127752,0.00127752
120,1689.02,0.48537,0.30704,0.97822,0.99717,1,0.995,0.93509,0.37731,0.22118,0.88455,0.00127422,0.00127422,0.00127422
121,1701.52,0.48435,0.2991,0.98718,0.99665,1,0.995,0.94138,0.36943,0.21127,0.87861,0.00127092,0.00127092,0.00127092
122,1710.23,0.49263,0.32551,0.97035,0.99711,1,0.995,0.92274,0.37958,0.21879,0.87819,0.00126762,0.00126762,0.00126762
123,1718.91,0.46012,0.29514,0.96477,0.9968,1,0.995,0.91926,0.38381,0.23292,0.8797,0.00126432,0.00126432,0.00126432
124,1727.92,0.46243,0.30098,0.97377,0.99691,1,0.995,0.93425,0.37629,0.22678,0.87488,0.00126102,0.00126102,0.00126102
125,1737,0.46202,0.28599,0.98547,0.99673,1,0.995,0.93799,0.3483,0.22081,0.86284,0.00125772,0.00125772,0.00125772
126,1746.17,0.46649,0.31433,0.9749,0.99609,1,0.995,0.94935,0.34957,0.21427,0.85666,0.00125442,0.00125442,0.00125442
127,1755.6,0.46878,0.29459,0.97037,0.99616,1,0.995,0.92276,0.39345,0.22992,0.87681,0.00125112,0.00125112,0.00125112
128,1765.23,0.4866,0.31629,0.97927,0.99528,1,0.995,0.94119,0.37392,0.20118,0.87333,0.00124782,0.00124782,0.00124782
129,1775.83,0.46394,0.2932,0.96072,0.99465,1,0.995,0.94463,0.3657,0.21363,0.86621,0.00124452,0.00124452,0.00124452
130,1787.36,0.47416,0.30074,0.98339,0.99606,1,0.995,0.93491,0.38339,0.21936,0.86956,0.00124121,0.00124121,0.00124121
131,1798.79,0.46781,0.29833,0.96251,0.99601,1,0.995,0.93271,0.38623,0.23392,0.87221,0.00123791,0.00123791,0.00123791
132,1810.53,0.4625,0.3018,0.96885,0.94407,0.92708,0.97971,0.86841,0.52048,0.60658,0.97312,0.00123461,0.00123461,0.00123461
133,1822.62,0.44614,0.30106,0.96801,0.99615,1,0.995,0.92815,0.3877,0.21543,0.88124,0.00123131,0.00123131,0.00123131
134,1831.47,0.41679,0.27034,0.93365,0.99674,1,0.995,0.93554,0.36875,0.21744,0.87059,0.00122801,0.00122801,0.00122801
135,1839.76,0.44773,0.27929,0.9582,0.99702,1,0.995,0.92269,0.41541,0.23732,0.89619,0.00122471,0.00122471,0.00122471
136,1847.56,0.47269,0.3177,0.97866,0.99691,1,0.995,0.91619,0.41541,0.22653,0.88436,0.00122141,0.00122141,0.00122141
137,1855.42,0.45004,0.28799,0.94772,0.997,1,0.995,0.93352,0.39964,0.21375,0.88348,0.00121811,0.00121811,0.00121811
138,1863.98,0.46067,0.29902,0.97228,0.99705,1,0.995,0.92253,0.39959,0.23467,0.88162,0.00121481,0.00121481,0.00121481
139,1872.54,0.45664,0.29579,0.9805,0.99725,1,0.995,0.91782,0.4021,0.23206,0.89007,0.00121151,0.00121151,0.00121151
140,1882.26,0.44643,0.28828,0.96472,0.99721,1,0.995,0.94856,0.37247,0.24051,0.86465,0.00120821,0.00120821,0.00120821
141,1892.01,0.43283,0.28914,0.95518,0.99674,1,0.995,0.94203,0.37354,0.22376,0.86314,0.00120491,0.00120491,0.00120491
142,1902.54,0.4331,0.28036,0.95196,0.98747,1,0.995,0.94343,0.36306,0.24308,0.87108,0.00120161,0.00120161,0.00120161
143,1913.13,0.46212,0.29416,0.95859,0.94147,1,0.995,0.9132,0.41063,0.27043,0.90436,0.00119831,0.00119831,0.00119831
144,1924.39,0.44909,0.28901,0.94443,0.99711,1,0.995,0.92734,0.36944,0.22803,0.88676,0.00119501,0.00119501,0.00119501
145,1936.05,0.46243,0.28949,0.9679,0.99606,1,0.995,0.91702,0.36101,0.23614,0.87591,0.0011917,0.0011917,0.0011917
146,1947.73,0.44342,0.28192,0.96423,0.99425,1,0.995,0.91913,0.38344,0.23345,0.87584,0.0011884,0.0011884,0.0011884
147,1956.44,0.46956,0.29635,0.96434,0.99562,1,0.995,0.921,0.38069,0.21911,0.87231,0.0011851,0.0011851,0.0011851
148,1965.47,0.45113,0.28563,0.9783,0.99725,1,0.995,0.9192,0.38057,0.20789,0.87711,0.0011818,0.0011818,0.0011818
149,1974.63,0.44794,0.2857,0.9629,0.99684,1,0.995,0.93963,0.3696,0.21127,0.87499,0.0011785,0.0011785,0.0011785
150,1983.96,0.45633,0.28022,0.95587,0.99616,1,0.995,0.92692,0.39397,0.21317,0.88356,0.0011752,0.0011752,0.0011752
151,1993.46,0.4323,0.26566,0.94446,0.99617,1,0.995,0.9324,0.39859,0.21251,0.88955,0.0011719,0.0011719,0.0011719
152,2003.18,0.44925,0.29543,0.95659,0.99713,1,0.995,0.92849,0.37918,0.22693,0.88136,0.0011686,0.0011686,0.0011686
153,2012.65,0.43762,0.27067,0.95696,0.99653,1,0.995,0.93785,0.36627,0.21098,0.86762,0.0011653,0.0011653,0.0011653
154,2023.21,0.44416,0.28513,0.94618,0.99628,1,0.995,0.93927,0.36446,0.21195,0.8684,0.001162,0.001162,0.001162
155,2033.92,0.43507,0.28666,0.95002,0.99627,1,0.995,0.93631,0.38531,0.2041,0.88386,0.0011587,0.0011587,0.0011587
156,2044.87,0.4463,0.2874,0.95867,0.99532,1,0.995,0.93047,0.41801,0.22478,0.89274,0.0011554,0.0011554,0.0011554
157,2056.31,0.45219,0.29402,0.96676,0.99607,1,0.995,0.93569,0.38215,0.22334,0.87678,0.0011521,0.0011521,0.0011521
158,2068.08,0.43422,0.2758,0.94935,0.99581,1,0.995,0.92206,0.39385,0.23728,0.88562,0.0011488,0.0011488,0.0011488
159,2079.96,0.4317,0.27735,0.9511,0.99453,1,0.995,0.94997,0.37882,0.22396,0.87945,0.0011455,0.0011455,0.0011455
160,2088.52,0.45121,0.28054,0.97487,0.9949,1,0.995,0.94598,0.35713,0.21193,0.87533,0.0011422,0.0011422,0.0011422
161,2097.43,0.44113,0.27265,0.94823,0.99645,1,0.995,0.9506,0.35987,0.19861,0.88369,0.00113889,0.00113889,0.00113889
162,2106.43,0.47219,0.28791,0.98232,0.99684,1,0.995,0.94305,0.36595,0.21127,0.88638,0.00113559,0.00113559,0.00113559
163,2115.7,0.4057,0.27182,0.94322,0.99672,1,0.995,0.94648,0.35701,0.21736,0.87742,0.00113229,0.00113229,0.00113229
164,2125.4,0.44253,0.27555,0.94716,0.99726,1,0.995,0.94874,0.35494,0.20394,0.86804,0.00112899,0.00112899,0.00112899
165,2136.12,0.43741,0.26463,0.96084,0.99569,1,0.995,0.95335,0.36163,0.20548,0.86737,0.00112569,0.00112569,0.00112569
166,2147.33,0.40883,0.25705,0.94586,0.99563,1,0.995,0.95529,0.35677,0.21321,0.86174,0.00112239,0.00112239,0.00112239
167,2158.98,0.42476,0.26173,0.95719,0.99556,1,0.995,0.93794,0.36825,0.21496,0.86222,0.00111909,0.00111909,0.00111909
168,2170.99,0.44271,0.26448,0.95696,0.99727,1,0.995,0.94183,0.36504,0.22439,0.86916,0.00111579,0.00111579,0.00111579
169,2182.86,0.4556,0.27812,0.97472,0.99706,1,0.995,0.94393,0.37182,0.21557,0.87253,0.00111249,0.00111249,0.00111249
170,2195.72,0.42835,0.26513,0.94356,0.99658,1,0.995,0.93961,0.37431,0.1929,0.87753,0.00110919,0.00110919,0.00110919
171,2208.53,0.40706,0.24895,0.93649,0.99731,1,0.995,0.93241,0.39908,0.20886,0.89881,0.00110589,0.00110589,0.00110589
172,2217.14,0.40506,0.25202,0.92987,0.99737,1,0.995,0.93765,0.36064,0.2099,0.87077,0.00110259,0.00110259,0.00110259
173,2224.95,0.44627,0.27866,0.95446,0.99696,1,0.995,0.94074,0.35614,0.2148,0.86917,0.00109929,0.00109929,0.00109929
174,2232.64,0.42482,0.26129,0.94231,0.99701,1,0.995,0.94026,0.38739,0.21235,0.88639,0.00109599,0.00109599,0.00109599
175,2240.04,0.43459,0.28985,0.95388,0.99689,1,0.995,0.9504,0.3642,0.217,0.87487,0.00109269,0.00109269,0.00109269
176,2247.89,0.43885,0.26969,0.94922,0.99676,1,0.995,0.94771,0.35477,0.20403,0.87157,0.00108938,0.00108938,0.00108938
177,2255.93,0.43606,0.27539,0.97436,0.99626,1,0.995,0.95069,0.35062,0.18142,0.86593,0.00108608,0.00108608,0.00108608
178,2265.29,0.42101,0.26035,0.93119,0.99715,1,0.995,0.94529,0.37621,0.19613,0.87503,0.00108278,0.00108278,0.00108278
179,2275.07,0.40635,0.25048,0.94751,0.99735,1,0.995,0.93095,0.38345,0.20719,0.89301,0.00107948,0.00107948,0.00107948
180,2285.48,0.40944,0.26869,0.93836,0.9966,1,0.995,0.93132,0.37787,0.19672,0.88706,0.00107618,0.00107618,0.00107618
181,2295.96,0.40094,0.25437,0.92582,0.99551,1,0.995,0.93094,0.37996,0.19157,0.88343,0.00107288,0.00107288,0.00107288
182,2306.98,0.42114,0.25517,0.94834,0.99595,1,0.995,0.93877,0.36739,0.205,0.87372,0.00106958,0.00106958,0.00106958
183,2318.31,0.41162,0.26526,0.9325,0.99729,1,0.995,0.94855,0.37297,0.20156,0.8792,0.00106628,0.00106628,0.00106628
184,2329.77,0.40527,0.26299,0.94955,0.99687,1,0.995,0.95147,0.37338,0.20966,0.88337,0.00106298,0.00106298,0.00106298
185,2337.96,0.41438,0.27683,0.94167,0.9966,1,0.995,0.94618,0.375,0.23331,0.88372,0.00105968,0.00105968,0.00105968
186,2345.81,0.4142,0.25842,0.94765,0.9967,1,0.995,0.93415,0.37358,0.22539,0.87097,0.00105638,0.00105638,0.00105638
187,2353.87,0.41071,0.24424,0.93457,0.99708,1,0.995,0.93002,0.37279,0.19334,0.86722,0.00105308,0.00105308,0.00105308
188,2362,0.39621,0.24733,0.95041,0.99479,1,0.995,0.93313,0.36649,0.22023,0.86579,0.00104978,0.00104978,0.00104978
189,2370.08,0.43578,0.26024,0.96123,0.99499,1,0.995,0.93893,0.36372,0.21133,0.86624,0.00104648,0.00104648,0.00104648
190,2378.4,0.40787,0.25191,0.93189,0.99675,1,0.995,0.94481,0.37898,0.22489,0.88862,0.00104318,0.00104318,0.00104318
191,2386.72,0.43915,0.27865,0.96716,0.99722,1,0.995,0.93601,0.38842,0.23899,0.88193,0.00103987,0.00103987,0.00103987
192,2395.41,0.4638,0.27952,0.95447,0.99696,1,0.995,0.92795,0.38101,0.24833,0.88806,0.00103657,0.00103657,0.00103657
193,2404.32,0.42277,0.26749,0.95011,0.99613,1,0.995,0.91922,0.3889,0.26769,0.89828,0.00103327,0.00103327,0.00103327
194,2414.73,0.42904,0.25403,0.96712,0.99683,1,0.995,0.93009,0.38754,0.26543,0.88274,0.00102997,0.00102997,0.00102997
195,2425.11,0.44118,0.26108,0.96803,0.99721,1,0.995,0.93939,0.3839,0.24919,0.87653,0.00102667,0.00102667,0.00102667
196,2436.35,0.43683,0.25976,0.95062,0.94151,0.90121,0.97383,0.81145,0.6324,0.49241,1.11655,0.00102337,0.00102337,0.00102337
197,2447.73,0.4285,0.26234,0.95646,0.99047,1,0.995,0.93194,0.38796,0.29875,0.88645,0.00102007,0.00102007,0.00102007
198,2459.8,0.4204,0.26587,0.93706,0.99537,1,0.995,0.93943,0.36064,0.21363,0.86824,0.00101677,0.00101677,0.00101677
199,2468.38,0.40386,0.24934,0.94048,0.99552,1,0.995,0.93917,0.38446,0.21989,0.88704,0.00101347,0.00101347,0.00101347
200,2476.74,0.40974,0.25277,0.92838,0.99158,1,0.995,0.92137,0.40658,0.30685,0.89028,0.00101017,0.00101017,0.00101017
201,2485.04,0.42903,0.26508,0.96223,0.99296,1,0.995,0.92807,0.37806,0.29827,0.88382,0.00100687,0.00100687,0.00100687
202,2493.34,0.43154,0.26478,0.93491,0.99665,1,0.995,0.93905,0.37159,0.20995,0.88126,0.00100357,0.00100357,0.00100357
203,2501.81,0.40618,0.25595,0.92973,0.99694,1,0.995,0.94345,0.36143,0.20243,0.86305,0.00100027,0.00100027,0.00100027
204,2510.61,0.41583,0.25812,0.93497,0.99698,1,0.995,0.94118,0.35124,0.18946,0.85414,0.000996966,0.000996966,0.000996966
205,2519.32,0.41809,0.25331,0.95577,0.99715,1,0.995,0.93338,0.37229,0.21035,0.86783,0.000993665,0.000993665,0.000993665
206,2528.31,0.42536,0.25855,0.93671,0.9963,1,0.995,0.93533,0.38739,0.21012,0.88232,0.000990365,0.000990365,0.000990365
207,2537.62,0.38737,0.25578,0.91576,0.9948,1,0.995,0.92827,0.40371,0.21793,0.89348,0.000987064,0.000987064,0.000987064
208,2547.25,0.43668,0.27469,0.95761,0.995,1,0.995,0.93323,0.39972,0.20035,0.89716,0.000983763,0.000983763,0.000983763
209,2557.93,0.40909,0.25501,0.94229,0.99345,1,0.995,0.93348,0.37209,0.19923,0.88365,0.000980463,0.000980463,0.000980463
210,2569.04,0.42338,0.26778,0.95763,0.99369,1,0.995,0.9294,0.37697,0.22804,0.88561,0.000977162,0.000977162,0.000977162
211,2580.87,0.4352,0.26281,0.97662,0.98317,1,0.995,0.92365,0.40339,0.27275,0.90483,0.000973861,0.000973861,0.000973861
212,2589.95,0.39756,0.24453,0.93566,0.99252,1,0.995,0.93084,0.39586,0.24492,0.90483,0.000970561,0.000970561,0.000970561
213,2598.08,0.43598,0.27605,0.95971,0.99597,1,0.995,0.92765,0.38024,0.19877,0.88874,0.00096726,0.00096726,0.00096726
214,2606.38,0.38545,0.23149,0.92538,0.9965,1,0.995,0.94325,0.38394,0.18855,0.88373,0.000963959,0.000963959,0.000963959
215,2614.74,0.40889,0.2393,0.9226,0.9969,1,0.995,0.93627,0.3683,0.19095,0.87366,0.000960659,0.000960659,0.000960659
216,2622.93,0.38327,0.23268,0.93584,0.99647,1,0.995,0.93707,0.36671,0.19029,0.87094,0.000957358,0.000957358,0.000957358
217,2630.74,0.39409,0.23853,0.93167,0.99608,1,0.995,0.93645,0.3784,0.20769,0.87648,0.000954057,0.000954057,0.000954057
218,2639.07,0.41906,0.26,0.95539,0.99596,1,0.995,0.93871,0.38013,0.20458,0.87389,0.000950757,0.000950757,0.000950757
219,2647.5,0.38235,0.24856,0.92668,0.99608,1,0.995,0.93366,0.37469,0.20088,0.87197,0.000947456,0.000947456,0.000947456
220,2657.19,0.39981,0.24118,0.92815,0.99621,1,0.995,0.9403,0.35405,0.20226,0.86672,0.000944155,0.000944155,0.000944155
221,2666.96,0.38357,0.2427,0.91829,0.99655,1,0.995,0.9427,0.35094,0.2023,0.8638,0.000940855,0.000940855,0.000940855
222,2677.16,0.40737,0.24918,0.92971,0.99668,1,0.995,0.93417,0.37441,0.19581,0.88032,0.000937554,0.000937554,0.000937554
223,2687.56,0.41993,0.25846,0.95302,0.99622,1,0.995,0.93226,0.37457,0.19626,0.88166,0.000934253,0.000934253,0.000934253
224,2698.08,0.39922,0.24282,0.92543,0.99625,1,0.995,0.93649,0.36167,0.19041,0.87724,0.000930953,0.000930953,0.000930953
225,2709.17,0.41869,0.25445,0.95347,0.99669,1,0.995,0.94458,0.34796,0.18962,0.86573,0.000927652,0.000927652,0.000927652
226,2720.8,0.40773,0.24392,0.93565,0.99683,1,0.995,0.94405,0.36473,0.18971,0.86747,0.000924352,0.000924352,0.000924352
227,2729.1,0.39658,0.24243,0.92295,0.99659,1,0.995,0.94933,0.34459,0.18517,0.86482,0.000921051,0.000921051,0.000921051
228,2737.86,0.42278,0.24414,0.93425,0.99669,1,0.995,0.94722,0.3524,0.18345,0.86962,0.00091775,0.00091775,0.00091775
229,2746.7,0.41796,0.25603,0.92776,0.99697,1,0.995,0.94965,0.35743,0.18703,0.86694,0.00091445,0.00091445,0.00091445
230,2755.74,0.3917,0.2352,0.92387,0.99664,1,0.995,0.93601,0.3693,0.18217,0.87356,0.000911149,0.000911149,0.000911149
231,2764.66,0.395,0.24586,0.93993,0.99605,1,0.995,0.9257,0.3836,0.19086,0.88179,0.000907848,0.000907848,0.000907848
232,2773.79,0.37419,0.22651,0.92508,0.99541,1,0.995,0.93567,0.37489,0.1985,0.87754,0.000904548,0.000904548,0.000904548
233,2783.21,0.39802,0.25495,0.94894,0.99547,1,0.995,0.94071,0.36516,0.18685,0.86969,0.000901247,0.000901247,0.000901247
234,2793.87,0.42979,0.25023,0.94603,0.99671,1,0.995,0.93922,0.36817,0.18195,0.87702,0.000897946,0.000897946,0.000897946
235,2804.93,0.41738,0.25469,0.9423,0.99697,1,0.995,0.93585,0.37434,0.18559,0.88127,0.000894646,0.000894646,0.000894646
236,2815.94,0.40882,0.23986,0.94079,0.99659,1,0.995,0.94941,0.36639,0.19083,0.873,0.000891345,0.000891345,0.000891345
237,2827.55,0.39198,0.24092,0.92901,0.99649,1,0.995,0.94702,0.36258,0.20212,0.87137,0.000888044,0.000888044,0.000888044
238,2839.46,0.41313,0.25298,0.94473,0.99618,1,0.995,0.94173,0.3556,0.1958,0.86952,0.000884744,0.000884744,0.000884744
239,2851.87,0.41418,0.25599,0.93161,0.99585,1,0.995,0.94255,0.35825,0.20837,0.86779,0.000881443,0.000881443,0.000881443
240,2860.23,0.38249,0.23452,0.93271,0.99588,1,0.995,0.91694,0.37644,0.20928,0.8762,0.000878142,0.000878142,0.000878142
241,2868.64,0.41269,0.25633,0.94178,0.99629,1,0.995,0.92066,0.38528,0.19705,0.88288,0.000874842,0.000874842,0.000874842
242,2877.44,0.39888,0.24556,0.9398,0.9967,1,0.995,0.93532,0.38263,0.20263,0.87643,0.000871541,0.000871541,0.000871541
243,2886.12,0.41008,0.23623,0.94643,0.9965,1,0.995,0.94146,0.37926,0.19489,0.87049,0.00086824,0.00086824,0.00086824
244,2895.08,0.40132,0.24832,0.94349,0.99569,1,0.995,0.93579,0.37169,0.19655,0.86651,0.00086494,0.00086494,0.00086494
245,2904.37,0.40497,0.24725,0.92159,0.99564,1,0.995,0.93107,0.37935,0.20406,0.8679,0.000861639,0.000861639,0.000861639
246,2913.98,0.41232,0.24305,0.93474,0.996,1,0.995,0.95282,0.3516,0.18953,0.86287,0.000858338,0.000858338,0.000858338
247,2924.84,0.40507,0.24019,0.93655,0.99665,1,0.995,0.96422,0.34249,0.18611,0.85914,0.000855038,0.000855038,0.000855038
248,2936,0.39576,0.25031,0.93541,0.9989,1,0.995,0.96842,0.34311,0.19103,0.86105,0.000851737,0.000851737,0.000851737
249,2947.58,0.39282,0.25098,0.93856,0.99889,1,0.995,0.94881,0.3459,0.19945,0.86264,0.000848436,0.000848436,0.000848436
250,2959.33,0.39134,0.23823,0.92665,0.99887,1,0.995,0.94983,0.34128,0.18761,0.85418,0.000845136,0.000845136,0.000845136
251,2971.45,0.39584,0.24538,0.94221,0.99622,1,0.995,0.94816,0.35387,0.19876,0.86244,0.000841835,0.000841835,0.000841835
252,2984.25,0.37313,0.23809,0.94159,0.99706,1,0.995,0.93746,0.36339,0.19245,0.86679,0.000838534,0.000838534,0.000838534
253,2992.61,0.38014,0.22403,0.93233,0.99703,1,0.995,0.9392,0.36777,0.1783,0.8696,0.000835234,0.000835234,0.000835234
254,3000.74,0.39072,0.22859,0.92439,0.99648,1,0.995,0.94255,0.36198,0.18708,0.86982,0.000831933,0.000831933,0.000831933
255,3008.99,0.39705,0.23947,0.92018,0.99606,1,0.995,0.93363,0.36765,0.19037,0.86613,0.000828632,0.000828632,0.000828632
256,3017.08,0.40083,0.24116,0.95144,0.99636,1,0.995,0.93388,0.3638,0.1753,0.86245,0.000825332,0.000825332,0.000825332
257,3026.18,0.3981,0.23213,0.92477,0.99655,1,0.995,0.94819,0.35408,0.17816,0.86609,0.000822031,0.000822031,0.000822031
258,3035.28,0.40714,0.23578,0.93124,0.99712,1,0.995,0.94515,0.35646,0.17719,0.86523,0.00081873,0.00081873,0.00081873
259,3044.51,0.38244,0.22572,0.926,0.99721,1,0.995,0.94725,0.35727,0.18067,0.8609,0.00081543,0.00081543,0.00081543
260,3054.62,0.38852,0.22987,0.9324,0.99707,1,0.995,0.94469,0.37287,0.20077,0.86913,0.000812129,0.000812129,0.000812129
261,3064.99,0.38718,0.23625,0.92704,0.99703,1,0.995,0.94762,0.37324,0.19712,0.87232,0.000808828,0.000808828,0.000808828
262,3075.34,0.40506,0.23698,0.94124,0.99699,1,0.995,0.93766,0.36772,0.19333,0.87509,0.000805528,0.000805528,0.000805528
263,3086.55,0.37206,0.22137,0.92129,0.99719,1,0.995,0.94107,0.37296,0.19193,0.87716,0.000802227,0.000802227,0.000802227
264,3097.72,0.37333,0.23117,0.93272,0.99702,1,0.995,0.92633,0.39536,0.18904,0.88693,0.000798926,0.000798926,0.000798926
265,3108.87,0.37497,0.23827,0.93226,0.99701,1,0.995,0.91492,0.38163,0.19388,0.88166,0.000795626,0.000795626,0.000795626
266,3117.33,0.39266,0.2345,0.93007,0.9969,1,0.995,0.93899,0.35549,0.18282,0.86735,0.000792325,0.000792325,0.000792325
267,3125.92,0.37061,0.2277,0.91953,0.99659,1,0.995,0.94845,0.34897,0.18015,0.86778,0.000789024,0.000789024,0.000789024
268,3135.09,0.36453,0.22635,0.91115,0.99666,1,0.995,0.93994,0.3804,0.19412,0.89391,0.000785724,0.000785724,0.000785724
269,3144.19,0.38562,0.24155,0.93492,0.99676,1,0.995,0.93304,0.39382,0.21235,0.90181,0.000782423,0.000782423,0.000782423
270,3154.83,0.37162,0.22848,0.91581,0.99888,1,0.995,0.94543,0.37026,0.20499,0.87765,0.000779122,0.000779122,0.000779122
271,3165.4,0.40743,0.23959,0.94035,0.99887,1,0.995,0.94829,0.37781,0.212,0.87514,0.000775822,0.000775822,0.000775822
272,3176,0.40243,0.23933,0.93428,0.99639,1,0.995,0.93714,0.37584,0.20079,0.87102,0.000772521,0.000772521,0.000772521
273,3186.72,0.36433,0.21562,0.92026,0.99629,1,0.995,0.9371,0.36753,0.18925,0.87299,0.00076922,0.00076922,0.00076922
274,3198.47,0.37128,0.23462,0.93532,0.99659,1,0.995,0.94407,0.37238,0.17983,0.87613,0.00076592,0.00076592,0.00076592
275,3209.98,0.40095,0.23495,0.93137,0.99696,1,0.995,0.94713,0.37573,0.19428,0.87771,0.000762619,0.000762619,0.000762619
276,3221.82,0.375,0.22363,0.93095,0.9972,1,0.995,0.94205,0.36739,0.1955,0.8757,0.000759318,0.000759318,0.000759318
277,3234.06,0.3488,0.21741,0.91129,0.99891,1,0.995,0.9386,0.37601,0.19535,0.87926,0.000756018,0.000756018,0.000756018
278,3242.34,0.37527,0.23093,0.91532,0.99678,1,0.995,0.94902,0.3659,0.18809,0.87256,0.000752717,0.000752717,0.000752717
279,3250.76,0.41031,0.25216,0.93367,0.9968,1,0.995,0.9481,0.36402,0.18872,0.87264,0.000749417,0.000749417,0.000749417
280,3259.3,0.37372,0.22793,0.90775,0.99712,1,0.995,0.94038,0.37003,0.18816,0.87692,0.000746116,0.000746116,0.000746116
281,3267.92,0.37482,0.23069,0.93359,0.99672,1,0.995,0.94123,0.36877,0.19147,0.87653,0.000742815,0.000742815,0.000742815
282,3277.23,0.37043,0.21461,0.92658,0.99686,1,0.995,0.94206,0.36574,0.18524,0.86665,0.000739515,0.000739515,0.000739515
283,3286.53,0.38186,0.23224,0.93193,0.99654,1,0.995,0.93718,0.39001,0.20713,0.87474,0.000736214,0.000736214,0.000736214
284,3296.97,0.3896,0.22568,0.93947,0.99609,1,0.995,0.92939,0.38139,0.20747,0.87195,0.000732913,0.000732913,0.000732913
285,3307.72,0.3618,0.22727,0.94137,0.99611,1,0.995,0.94711,0.36531,0.18333,0.86831,0.000729613,0.000729613,0.000729613
286,3318.79,0.35029,0.21807,0.92587,0.9964,1,0.995,0.95877,0.35617,0.17414,0.8656,0.000726312,0.000726312,0.000726312
287,3330.38,0.35824,0.22675,0.90752,0.99623,1,0.995,0.95836,0.35615,0.17475,0.86417,0.000723011,0.000723011,0.000723011
288,3342.26,0.38866,0.23409,0.94366,0.99633,1,0.995,0.94673,0.36018,0.18334,0.86563,0.000719711,0.000719711,0.000719711
289,3354.17,0.36726,0.228,0.93136,0.9964,1,0.995,0.94957,0.36345,0.19516,0.8688,0.00071641,0.00071641,0.00071641
290,3366.73,0.38498,0.24094,0.93219,0.99673,1,0.995,0.95552,0.36666,0.18461,0.86825,0.000713109,0.000713109,0.000713109
291,3375.06,0.36545,0.22316,0.91695,0.99714,1,0.995,0.95469,0.36251,0.18042,0.86852,0.000709809,0.000709809,0.000709809
292,3383.22,0.36564,0.22243,0.91578,0.99693,1,0.995,0.94941,0.35782,0.18464,0.86074,0.000706508,0.000706508,0.000706508
293,3391.33,0.37675,0.2202,0.93883,0.99702,1,0.995,0.94709,0.36261,0.18295,0.86441,0.000703207,0.000703207,0.000703207
294,3400.12,0.33856,0.21052,0.90623,0.99687,1,0.995,0.93713,0.36857,0.19204,0.8697,0.000699907,0.000699907,0.000699907
295,3408.82,0.37537,0.22202,0.9297,0.99697,1,0.995,0.94146,0.36597,0.19689,0.86921,0.000696606,0.000696606,0.000696606
296,3417.68,0.37098,0.21956,0.92248,0.99708,1,0.995,0.95233,0.36853,0.19076,0.869,0.000693305,0.000693305,0.000693305
297,3427.85,0.39475,0.2259,0.94676,0.99688,1,0.995,0.94951,0.36866,0.18462,0.86691,0.000690005,0.000690005,0.000690005
298,3438.45,0.36379,0.23147,0.90878,0.99678,1,0.995,0.94981,0.36093,0.18283,0.86536,0.000686704,0.000686704,0.000686704
299,3449.56,0.36126,0.22063,0.93635,0.99681,1,0.995,0.94566,0.36362,0.1898,0.86629,0.000683403,0.000683403,0.000683403
300,3460.88,0.37545,0.21902,0.94094,0.99621,1,0.995,0.93376,0.36971,0.18425,0.86897,0.000680103,0.000680103,0.000680103
301,3472.43,0.35853,0.22351,0.91821,0.99588,1,0.995,0.9339,0.37164,0.17825,0.87104,0.000676802,0.000676802,0.000676802
302,3484.12,0.3501,0.22008,0.91092,0.99606,1,0.995,0.93043,0.38097,0.1871,0.8764,0.000673501,0.000673501,0.000673501
303,3496.39,0.36776,0.22718,0.90303,0.9963,1,0.995,0.93016,0.37257,0.18133,0.87572,0.000670201,0.000670201,0.000670201
304,3505.22,0.37435,0.2337,0.91584,0.99614,1,0.995,0.94284,0.36262,0.17326,0.86985,0.0006669,0.0006669,0.0006669
305,3513.85,0.35345,0.21791,0.91801,0.99605,1,0.995,0.9382,0.35443,0.16872,0.86474,0.000663599,0.000663599,0.000663599
306,3522.59,0.36578,0.22522,0.94184,0.99647,1,0.995,0.94237,0.35303,0.16963,0.86206,0.000660299,0.000660299,0.000660299
307,3531.4,0.36734,0.22575,0.92383,0.99679,1,0.995,0.94306,0.3552,0.16715,0.86166,0.000656998,0.000656998,0.000656998
308,3540.53,0.37068,0.21745,0.91772,0.99672,1,0.995,0.94117,0.35112,0.1769,0.85674,0.000653697,0.000653697,0.000653697
309,3549.68,0.33501,0.21971,0.91055,0.99672,1,0.995,0.94213,0.35299,0.17665,0.85949,0.000650397,0.000650397,0.000650397
310,3559.12,0.38303,0.21621,0.91287,0.99662,1,0.995,0.94978,0.35254,0.1755,0.86037,0.000647096,0.000647096,0.000647096
311,3568.75,0.37078,0.22946,0.93129,0.99693,1,0.995,0.95377,0.35343,0.17723,0.86697,0.000643795,0.000643795,0.000643795
312,3578.69,0.36479,0.2272,0.90777,0.99704,1,0.995,0.95122,0.34871,0.17399,0.86051,0.000640495,0.000640495,0.000640495
313,3588.78,0.36524,0.21045,0.91349,0.9968,1,0.995,0.9469,0.34791,0.16803,0.85823,0.000637194,0.000637194,0.000637194
314,3600.11,0.37658,0.21624,0.93665,0.99664,1,0.995,0.95585,0.35088,0.16092,0.86344,0.000633893,0.000633893,0.000633893
315,3611.56,0.35817,0.20773,0.91634,0.9967,1,0.995,0.95921,0.35755,0.17415,0.87072,0.000630593,0.000630593,0.000630593
316,3623.7,0.34027,0.21531,0.91197,0.99679,1,0.995,0.95125,0.35527,0.16932,0.868,0.000627292,0.000627292,0.000627292
317,3632.71,0.36481,0.21452,0.93283,0.99705,1,0.995,0.94768,0.36228,0.16445,0.8684,0.000623991,0.000623991,0.000623991
318,3641.75,0.3431,0.2063,0.90794,0.9971,1,0.995,0.94186,0.36825,0.17399,0.87122,0.000620691,0.000620691,0.000620691
319,3650.91,0.34992,0.21435,0.90565,0.99722,1,0.995,0.93669,0.36603,0.18901,0.86762,0.00061739,0.00061739,0.00061739
320,3659.97,0.33339,0.19951,0.89385,0.99724,1,0.995,0.94747,0.35772,0.18207,0.86292,0.000614089,0.000614089,0.000614089
321,3669.26,0.33951,0.22008,0.92297,0.99732,1,0.995,0.94324,0.36985,0.17862,0.87113,0.000610789,0.000610789,0.000610789
322,3678.76,0.35845,0.20449,0.91882,0.99724,1,0.995,0.94648,0.36347,0.17579,0.87416,0.000607488,0.000607488,0.000607488
323,3688.38,0.3587,0.21764,0.91895,0.99719,1,0.995,0.94432,0.36305,0.17397,0.87711,0.000604187,0.000604187,0.000604187
324,3698.33,0.36247,0.21405,0.91059,0.99891,1,0.995,0.95457,0.36553,0.17601,0.87527,0.000600887,0.000600887,0.000600887
325,3709.27,0.3462,0.20869,0.9036,0.9989,1,0.995,0.95344,0.35965,0.17867,0.86939,0.000597586,0.000597586,0.000597586
326,3720.59,0.36255,0.22991,0.91787,0.99708,1,0.995,0.95102,0.35129,0.17904,0.86885,0.000594286,0.000594286,0.000594286
327,3732.33,0.34004,0.21241,0.9177,0.99702,1,0.995,0.95581,0.35435,0.1849,0.8732,0.000590985,0.000590985,0.000590985
328,3743.97,0.36746,0.22084,0.90637,0.99655,1,0.995,0.94308,0.35724,0.17877,0.86936,0.000587684,0.000587684,0.000587684
329,3755.85,0.33985,0.20279,0.91016,0.9965,1,0.995,0.94451,0.35367,0.17523,0.86633,0.000584384,0.000584384,0.000584384
330,3764.64,0.3526,0.21021,0.92473,0.99888,1,0.995,0.95174,0.34873,0.17201,0.87008,0.000581083,0.000581083,0.000581083
331,3772.87,0.35409,0.2101,0.91618,0.99653,1,0.995,0.94399,0.34726,0.1671,0.87087,0.000577782,0.000577782,0.000577782
332,3781.41,0.34665,0.20398,0.92297,0.99695,1,0.995,0.94529,0.35419,0.16304,0.86907,0.000574482,0.000574482,0.000574482
333,3790.25,0.34645,0.21319,0.90833,0.99695,1,0.995,0.94301,0.35813,0.1698,0.86772,0.000571181,0.000571181,0.000571181
334,3799.33,0.34136,0.20952,0.92331,0.99724,1,0.995,0.92729,0.3715,0.17375,0.87238,0.00056788,0.00056788,0.00056788
335,3808.39,0.36298,0.21511,0.9154,0.99707,1,0.995,0.93763,0.38233,0.16794,0.87784,0.00056458,0.00056458,0.00056458
336,3818.92,0.36278,0.20692,0.92585,0.99641,1,0.995,0.93268,0.38711,0.17643,0.88235,0.000561279,0.000561279,0.000561279
337,3830.17,0.34904,0.22235,0.93174,0.9964,1,0.995,0.93764,0.36988,0.16648,0.87204,0.000557978,0.000557978,0.000557978
338,3841.48,0.34376,0.20456,0.90964,0.99704,1,0.995,0.94683,0.35595,0.16615,0.86801,0.000554678,0.000554678,0.000554678
339,3853.52,0.3588,0.21209,0.9139,0.99892,1,0.995,0.94312,0.36154,0.16754,0.87214,0.000551377,0.000551377,0.000551377
340,3865.73,0.34776,0.20708,0.90473,0.99819,1,0.995,0.93809,0.36621,0.17083,0.87728,0.000548076,0.000548076,0.000548076
341,3878.27,0.3377,0.19996,0.91282,1,1,0.995,0.94534,0.36187,0.16717,0.87449,0.000544776,0.000544776,0.000544776
342,3888.22,0.33627,0.21273,0.91614,0.9989,1,0.995,0.94497,0.3573,0.16617,0.86781,0.000541475,0.000541475,0.000541475
343,3897.37,0.35594,0.2091,0.90516,0.99889,1,0.995,0.9412,0.35851,0.16746,0.86686,0.000538174,0.000538174,0.000538174
344,3906.83,0.37401,0.21336,0.92917,0.9989,1,0.995,0.94124,0.36449,0.16786,0.87091,0.000534874,0.000534874,0.000534874
345,3916.72,0.33947,0.20956,0.90226,0.9988,1,0.995,0.94723,0.36193,0.1614,0.87174,0.000531573,0.000531573,0.000531573
346,3926.84,0.34332,0.2133,0.92054,0.99889,1,0.995,0.94246,0.36471,0.16227,0.87229,0.000528272,0.000528272,0.000528272
347,3937.95,0.36339,0.21683,0.91407,0.9964,1,0.995,0.93743,0.36692,0.16602,0.87223,0.000524972,0.000524972,0.000524972
348,3949.4,0.3614,0.21142,0.90762,0.99889,1,0.995,0.94664,0.36225,0.17271,0.87015,0.000521671,0.000521671,0.000521671
